image_name,tags
Circle24,circle
Circle25,circle
Circle26,circle
Circle27,circle
Circle28,circle
Circle29,circle
Circle30,circle
Circle31,circle
Circle32,circle
Circle33,circle
Circle34,circle
Circle35,circle
Circle36,circle
Circle37,circle
Circle38,circle
Circle39,circle
Circle40,circle
Circle41,circle
Circle42,circle
Circle43,circle
Circle44,circle
Circle45,circle
Circle46,circle
Circle47,circle
Circle48,circle
Circle49,circle
Circle50,circle
Circle51,circle
Circle52,circle
Circle53,circle
Circle54,circle
Circle55,circle
Circle56,circle
Circle57,circle
Circle58,circle
Circle59,circle
Circle60,circle
Circle61,circle
Circle62,circle
Circle63,circle
Circle64,circle
Circle65,circle
Circle66,circle
Circle67,circle
Circle68,circle
Circle69,circle
Circle70,circle
Circle71,circle
Circle72,circle
Circle73,circle
Circle74,circle
Circle75,circle
Circle76,circle
Circle77,circle
Circle78,circle
Circle79,circle
Circle80,circle
Circle81,circle
Circle82,circle
Circle83,circle
Circle84,circle
Circle85,circle
Circle86,circle
Circle87,circle
Circle88,circle
Circle89,circle
Circle90,circle
Circle91,circle
Circle92,circle
Circle93,circle
Circle94,circle
Circle95,circle
Circle946,circle
Circle947,circle
Circle948,circle
Circle949,circle
Circle950,circle
Circle951,circle
Circle952,circle
Circle953,circle
Circle954,circle
Circle955,circle
Circle956,circle
Circle957,circle
Circle958,circle
Circle959,circle
Circle960,circle
Circle961,circle
Circle962,circle
Circle963,circle
Circle964,circle
Circle965,circle
Circle966,circle
Circle967,circle
Circle968,circle
Circle969,circle
Circle970,circle
Circle971,circle
Circle972,circle
Circle973,circle
Circle974,circle
Circle975,circle
Circle976,circle
Circle977,circle
Circle978,circle
Circle979,circle
Circle980,circle
Circle981,circle
Circle982,circle
Circle983,circle
Circle984,circle
Circle985,circle
Circle986,circle
Circle987,circle
Circle988,circle
Circle989,circle
Circle990,circle
Circle991,circle
Circle992,circle
Circle993,circle
Circle994,circle
Circle995,circle
Circle996,circle
Circle997,circle
Circle998,circle
Circle999,circle
Square29,square
Square35,square
Square41,square
Square47,square
Square53,square
Square59,square
Square65,square
Square71,square
Square77,square
Square83,square
Square89,square
Square95,square
Square101,square
Square107,square
Square113,square
Square119,square
Square125,square
Square131,square
Square137,square
Square143,square
Square149,square
Square155,square
Square161,square
Square167,square
Square173,square
Square179,square
Square185,square
Square191,square
Square197,square
Square203,square
Square209,square
Square215,square
Square221,square
Square227,square
Square233,square
Square239,square
Square245,square
Square251,square
Square257,square
Square263,square
Square269,square
Square275,square
Square281,square
Square287,square
Square293,square
Square299,square
Square305,square
Square311,square
Square317,square
Square323,square
Square329,square
Square335,square
Square341,square
Square347,square
Square353,square
Square359,square
Square365,square
Square371,square
Square377,square
Square383,square
Square389,square
Square395,square
Square401,square
Square407,square
Square413,square
Square419,square
Square425,square
Square431,square
Square437,square
Square443,square
Square449,square
Square456,square
Square461,square
Square467,square
Square473,square
Square479,square
Square485,square
Square491,square
Square497,square
Square503,square
Square509,square
Square515,square
Square521,square
Square527,square
Square533,square
Square539,square
Square545,square
Square551,square
Square557,square
Square563,square
Square569,square
Square575,square
Square581,square
Square587,square
Square593,square
Square599,square
Square605,square
Square611,square
Square617,square
Square623,square
Square629,square
Square635,square
Square641,square
Square647,square
Square653,square
Square659,square
Square665,square
Square671,square
Square677,square
Square683,square
Square689,square
Square695,square
Square701,square
Square707,square
Square713,square
Square719,square
Square725,square
Square731,square
Square737,square
Square743,square
Square744,square
Square745,square
Square746,square
Square747,square
Square748,square
Square749,square
